"Account ID No.","Account Name","Parent Account","Account Type(s)","Account Number","Timezone","Currency","Tags","Title","First Name","Middle Initial","Last Name","Work Email","Work Phone","Job Function","Contact Name","Activation Number","Sim Sale","Doing Business as (DBA)","Tax ID (EIN)","Number of Employees","Estimated Annual Revenue","Ownership Type","Business Classification","Founded Year","Industry","Account Email","Account Phone","SIC Code","NAICS Code","Account Source","Rating","Address Type","Address Class","Street Address 1","Street Address 2","Country","State","City","Zip/Postal Code","Attn.","Notes"
"AC24392","Henry 2","","TEST","23280650","(GMT-09:00) Alaska","Dollars - BMD","HotAccount","","Henry 2","","Henry 2","","","Super Admin","Henry 2 Henry 2","","","","","1001 or more","$3M to $5M","General Partnerships","Ex-Customer","1998","Accounting","","","","","Book","5++","Billing","Commercial","Noida","","","","","","Henry 2  Henry 2",""
"AC24391","Henry 1","","TEST","23280440","(GMT-09:00) Alaska","Dollars - BMD","HotAccount","","Henry 1","","Henry 1","","","Super Admin","Henry 1 Henry 1","","","","","1001 or more","$3M to $5M","General Partnerships","Ex-Customer","1998","Accounting","","","","","Book","5++","Billing","Commercial","Noida","","","","","","Henry 1  Henry 1",""
"AC24368","Imports_A3","","TEST","23280237","(GMT-09:00) Alaska","Dollars - BMD","HotAccount","","Imports_A3","","Imports_A3","","","Super Admin","Imports_A3 Imports_A3","","","","","1001 or more","$3M to $5M","General Partnerships","Ex-Customer","1998","Accounting","","","","","Book","5++","Billing","Commercial","Noida","","India","","","","",""
"AC24367","Imports_A2","","TEST","23280188","(GMT-09:00) Alaska","Dollars - BMD","HotAccount","","Imports_A2","","Imports_A2","","","Super Admin","Imports_A2 Imports_A2","","","","","1001 or more","$3M to $5M","General Partnerships","Ex-Customer","1998","Accounting","","","","","Book","5++","Billing","Commercial","Noida","","India","","","","",""
"AC24366","Imports_A1","","TEST","23280858","(GMT-09:00) Alaska","Dollars - BMD","HotAccount","","Imports_A1","","Imports_A1","","","Super Admin","Imports_A1 Imports_A1","","","","","1001 or more","$3M to $5M","General Partnerships","Ex-Customer","1998","Accounting","importsa1@gmail.com","9075621213","","","Book","5++","Billing","Commercial","Noida","","","","","","",""
"AC24387","firstName533 LastName713","","TEST","","(GMT-10:00) Hawaii","Rupees - PKR","A1Account","Mr","firstName533","MiddleName025","LastName713","import5582@lionobytes.com","","Super Admin","firstName533 MiddleName025 LastName713","","","","","1001+","$10M to more","Cooperative Societies","Prospect","2001"," Accounting","import5582@lionobytes.com","","200","5001","Book","B++","Billing","Commercial","","","India","Assam","","","firstName533 MiddleName025 LastName713","Notes Added By Jonny 1"
"AC24386","firstName723 LastName160","","TEST","","(GMT-10:00) Hawaii","Rupees - PKR","A1Account","Mr","firstName723","MiddleName042","LastName160","import7872@lionobytes.com","","Super Admin","firstName723 MiddleName042 LastName160","","","","","1001+","$10M to more","Cooperative Societies","Prospect","2001"," Accounting","import7872@lionobytes.com","","200","5001","Book","B++","Billing","Commercial","","","India","Assam","","","firstName723 MiddleName042 LastName160","Notes Added By Jonny 1"
"AC24385","firstName980 LastName290","","TEST","","(GMT-10:00) Hawaii","Rupees - PKR","A1Account","Mr","firstName980","MiddleName493","LastName290","import0122@lionobytes.com","","Super Admin","firstName980 MiddleName493 LastName290","","","","","1001+","$10M to more","Cooperative Societies","Prospect","2001"," Accounting","import0122@lionobytes.com","","200","5001","Book","B++","Billing","Commercial","","","India","Assam","","","firstName980 MiddleName493 LastName290","Notes Added By Jonny 1"
"AC24384","firstName587 LastName193","","TEST","","(GMT-10:00) Hawaii","Rupees - PKR","A1Account","Mr","firstName587","MiddleName301","LastName193","import7592@lionobytes.com","","Super Admin","firstName587 MiddleName301 LastName193","","","","","1001+","$10M to more","Cooperative Societies","Prospect","2001"," Accounting","import7592@lionobytes.com","","200","5001","Book","B++","Billing","Commercial","","","India","Assam","","","firstName587 MiddleName301 LastName193","Notes Added By Jonny 1"
"AC24383","firstName032 LastName144","","TEST","","(GMT-10:00) Hawaii","Rupees - PKR","A1Account","Mr","firstName032","MiddleName065","LastName144","import0372@lionobytes.com","","Super Admin","firstName032 MiddleName065 LastName144","","","","","1001+","$10M to more","Cooperative Societies","Prospect","2001"," Accounting","import0372@lionobytes.com","","200","5001","Book","B++","Billing","Commercial","","","India","Assam","","","firstName032 MiddleName065 LastName144","Notes Added By Jonny 1"
"AC24382","firstName845 LastName960","","TEST","","(GMT-10:00) Hawaii","Rupees - PKR","HotAccount","Mr","firstName845","MiddleName269","LastName960","import4792@lionobytes.com","","Super Admin","firstName845 MiddleName269 LastName960","","","","","1001+","$10M to more","Cooperative Societies","Prospect","2001"," Accounting","import4792@lionobytes.com","","200","5001","Book","B++","Billing","Commercial","","","India","Assam","","","firstName845 MiddleName269 LastName960","Notes Added By Jonny 1"
"AC24381","firstName383 LastName002","","TEST","","(GMT-10:00) Hawaii","Rupees - PKR","HotAccount","Mr","firstName383","MiddleName207","LastName002","import5612@lionobytes.com","","Super Admin","firstName383 MiddleName207 LastName002","","","","","1001+","$10M to more","Cooperative Societies","Prospect","2001"," Accounting","import5612@lionobytes.com","","200","5001","Book","B++","Billing","Commercial","","","India","Assam","","","firstName383 MiddleName207 LastName002","Notes Added By Jonny 1"
"AC24380","firstName725 LastName931","","TEST","","(GMT-10:00) Hawaii","Rupees - PKR","HotAccount","Mr","firstName725","MiddleName040","LastName931","import7172@lionobytes.com","","Super Admin","firstName725 MiddleName040 LastName931","","","","","1001+","$10M to more","Cooperative Societies","Prospect","2001"," Accounting","import7172@lionobytes.com","","200","5001","Book","B++","Billing","Commercial","","","India","Assam","","","firstName725 MiddleName040 LastName931","Notes Added By Jonny 1"
"AC24379","firstName769 LastName825","","TEST","","(GMT-10:00) Hawaii","Rupees - PKR","HotAccount","Mr","firstName769","MiddleName801","LastName825","import1472@lionobytes.com","","Super Admin","firstName769 MiddleName801 LastName825","","","","","1001+","$10M to more","Cooperative Societies","Prospect","2001"," Accounting","import1472@lionobytes.com","","200","5001","Book","B++","Billing","Commercial","","","India","Assam","","","firstName769 MiddleName801 LastName825","Notes Added By Jonny 1"
"AC24378","firstName382 LastName038","","TEST","","(GMT-10:00) Hawaii","Rupees - PKR","HotAccount","Mr","firstName382","MiddleName629","LastName038","import8972@lionobytes.com","","Super Admin","firstName382 MiddleName629 LastName038","","","","","1001+","$10M to more","Cooperative Societies","Prospect","2001"," Accounting","import8972@lionobytes.com","","200","5001","Book","B++","Billing","Commercial","","","India","Assam","","","firstName382 MiddleName629 LastName038","Notes Added By Jonny 1"
"AC24377","MultiContacts","","AccountTest","","","Dollars - BMD","","Mr","MultiContacts","","","","","Super Admin","MultiContacts","","","","","1001 or more","$10M to more","Cooperative Societies","Prospect",""," Accounting","","","","","Ra-tings278","5++","Billing","Commercial","","","India","Delhi","","","",""
"AC24375","firstName775 LastName602","","TEST","","(GMT-10:00) Hawaii","Rupees - PKR","HotAccount","Mr","firstName775","MiddleName412","LastName602","import8202@lionobytes.com","","Super Admin","firstName775 MiddleName412 LastName602","","","","","1001+","$10M to more","Cooperative Societies","Prospect","2001"," Accounting","import8202@lionobytes.com","","200","5001","Book","B++","Billing","Commercial","","","India","Assam","","","firstName775 MiddleName412 LastName602","Notes Added By Jonny 1"
"AC24374","firstName850 LastName842","","TEST","","(GMT-10:00) Hawaii","Rupees - PKR","HotAccount","Mr","firstName850","MiddleName793","LastName842","import6422@lionobytes.com","","Super Admin","firstName850 MiddleName793 LastName842","","","","","1001+","$10M to more","Cooperative Societies","Prospect","2001"," Accounting","import6422@lionobytes.com","","200","5001","Book","B++","Billing","Commercial","","","India","Assam","","","firstName850 MiddleName793 LastName842","Notes Added By Jonny 1"
"AC24373","firstName156 LastName269","","TEST","","(GMT-10:00) Hawaii","Rupees - PKR","HotAccount","Mr","firstName156","MiddleName558","LastName269","import1362@lionobytes.com","","Super Admin","firstName156 MiddleName558 LastName269","","","","","1001+","$10M to more","Cooperative Societies","Prospect","2001"," Accounting","import1362@lionobytes.com","","200","5001","Book","B++","Billing","Commercial","","","India","Assam","","","firstName156 MiddleName558 LastName269","Notes Added By Jonny 1"
"AC24372","firstName703 LastName886","","TEST","","(GMT-10:00) Hawaii","Rupees - PKR","HotAccount","Mr","firstName703","MiddleName675","LastName886","import7802@lionobytes.com","","Super Admin","firstName703 MiddleName675 LastName886","","","","","1001+","$10M to more","Cooperative Societies","Prospect","2001"," Accounting","import7802@lionobytes.com","","200","5001","Book","B++","Billing","Commercial","","","India","Assam","","","firstName703 MiddleName675 LastName886","Notes Added By Jonny 1"
"AC24371","firstName418 LastName130","","TEST","","(GMT-10:00) Hawaii","Rupees - PKR","HotAccount","Mr","firstName418","MiddleName975","LastName130","import0042@lionobytes.com","","Super Admin","firstName418 MiddleName975 LastName130","","","","","1001+","$10M to more","Cooperative Societies","Prospect","2001"," Accounting","import0042@lionobytes.com","","200","5001","Book","B++","Billing","Commercial","","","India","Assam","","","firstName418 MiddleName975 LastName130","Notes Added By Jonny 1"
"AC24365","Bislacopy","","TEST","","(GMT-09:00) Alaska","Rupees - PKR","A-GOOD","Mr","Bisla","","Bisla","bisla@gmail.com","","","Bisla Bisla","","","","","1001+","$10M to more","General Partnerships","Prospect",""," Accounting","bisla@gmail.com","9075624873","2129","8403","Book","B++","Billing","Commercial","","","India","Assam","Noida","","","Notes Added 51"
"AC24361","Account Automation Channel","","AccountTest, Premium, TEST","","(GMT-12:00) International Date Line West","Dollars - BMD","B2-Business, B3-Busniess, B1-Busniess","Mr","Ziya Abbas","","","","","Super Admin","Ziya Abbas","","","","","1001 or more","$10M to more","Cooperative Societies","Prospect",""," Accounting","","","","","Ra-tings278","5++","Billing","Residential","Guru Gobind Singh Marg Railway Officers Colony Sarai Rohilla","","India","Delhi","New Delhi","110005","",""
"AC24356","Account with territory","","AccountTest, Premium, TEST","","","Dollars - BMD","","Mr","Account with territory","","","","","Super Admin","Account with territory","","","","","1001 or more","$10M to more","Cooperative Societies","Prospect",""," Accounting","","","","","Ra-tings278","5++","Billing","Residential","10600 Highland Springs Avenue","","USA","CA","Beaumont","92223","",""
"AC24355","Account with automation","","","","","Dollars - BMD","","Mr","Account with automation","","","","","Super Admin","Account with automation","","","","","1001 or more","$10M to more","Cooperative Societies","Prospect",""," Accounting","","","","","Ra-tings278","5++","","","","","","","","","",""
"AC7585","Ziya Automation Channel Account","","AccountTest, Premium, TEST","","","Dollars - BMD","","Mr","Ziya","","Abbas","","","Super Admin","Ziya Abbas","","","","","1001+","$1M to $2M","General Partnerships","Prospect","","Advertising and Marketing and PR","","","","","Book","AAA1","","","","","","","","","",""
"AC7584","1111","","AccountTest","","","Dollars - BMD","","Mr","1111","","","","","Super Admin","1111","","","","","1001+","$1M to $2M","General Partnerships","Prospect","","Advertising and Marketing and PR","","","","","Book","AAA1","","","","","","","","","",""
"AC7581","test other channel","","AccountTest","","","Dollars - BMD","","Mr","test other channel","","","","","Super Admin","test other channel","","","","","1001+","$1M to $2M","General Partnerships","Prospect","","Advertising and Marketing and PR","","","","","Book","AAA1","","","","","","","","","",""
"AC7580","Automation account","","AccountTest","","","Dollars - BMD","","Mr","Automation account","","","","","Super Admin","Automation account","","","","","1001+","$1M to $2M","General Partnerships","Prospect","","Advertising and Marketing and PR","","","","","Book","AAA1","","","","","","","","","",""
"AC7528","Rajdhani Exp","","Premium","","","Dollars - BMD","","Mr","Shubham","","Deshmukh","","","","Shubham Deshmukh","","","","","","","","Prospect","","","","","","","","","","","","","","","","","",""
"AC7184","SName289","","Premium, AccountTest","87885291","(GMT-09:00) Alaska","Baht - THB","","","FName439","MName205","LName391","AccountCreate091@lionobytes.com","8788526649","Super Admin","FName439 MName205 LName391","","","123518","993","201-500","$3M to $5M","Cooperative Societies","Ex-Customer","2024220"," Accounting","Createaccount119@lionobytes.com","8788526157","123","12345","Book","B++","Billing","Residential","10808 Culver Boulevard Park West","Delhi","USA","CA","Culver City","90230","FName439 MName205 LName391","Fill account details"
"AC7243","SName198","","Premium","87885962","(GMT-09:00) Alaska","Baht - THB","","","FName599","MName757","LName578","leadcontact219@lionobytes.com","8788526566","Super Admin","FName599 MName757 LName578","","","123574","782","201-500","$3M to $5M","Cooperative Societies","Ex-Customer","2024433"," Accounting","Createaccount990@lionobytes.com","8788526279","123","12345","Book","B++","Billing","Residential","10808 Culver Boulevard Park West","Delhi","USA","CA","Culver City","90230","FName599 MName757 LName578","Fill account details"
"AC7183","SName032","","Premium, AccountTest","87885521","(GMT-09:00) Alaska","Baht - THB","","","FName435","MName374","LName022","AccountCreate466@lionobytes.com","8788526431","Super Admin","FName435 MName374 LName022","","","123865","420","201-500","$3M to $5M","Cooperative Societies","Ex-Customer","2024844"," Accounting","Createaccount274@lionobytes.com","8788526038","123","12345","Book","B++","Billing","Residential","10808 Culver Boulevard Park West","Delhi","USA","CA","Culver City","90230","FName435 MName374 LName022","Fill account details"
"AC7182","SName788","","Premium, AccountTest","87885655","(GMT-09:00) Alaska","Baht - THB","","","FName463","MName675","LName083","AccountCreate669@lionobytes.com","8788526974","Super Admin","FName463 MName675 LName083","","","123111","986","201-500","$3M to $5M","Cooperative Societies","Ex-Customer","2024508"," Accounting","Createaccount018@lionobytes.com","8788526370","123","12345","Book","B++","Billing","Residential","10808 Culver Boulevard Park West","Delhi","USA","CA","Culver City","90230","FName463 MName675 LName083","Fill account details"
"AC7176","Automation Account","","Premium","","(GMT-07:00) Mountain Time (US and Canada)","Bolivares Fuertes - VEF","","Ms","Automation","","Account","Automation123@gmail.com","9807654321","Super Admin","Automation Account","","","","","","","","Customer",""," Food & Beverages","Automation123@gmail.com","9807654321","","","Chat","B+","Billing","Commercial","2801 Northeast 50th Street Central Oklahoma City","","USA","OK","Oklahoma City","73111","",""
"AC7174","scriptLead580","","","101956","(GMT-09:00) Alaska","Baht - THB","","Mr","FName253","MName818","LName616","leadcontact242@lionobytes.com","97393995889","Super Admin","FName253 MName818 LName616","","","DBA444","675","201-500","$3M to $5M","Cooperative Societies","Prospect","2019"," Accounting","leadcontact242@lionobytes.com","97393995889","220","843","","B++","Billing","Residential","55 Stockton Street","","USA","NJ","Princeton","8540","FName253 MName818 LName616","Lead Details"
"AC7172","scriptLead648","","","101839","(GMT-09:00) Alaska","Baht - THB","","Mr","FName363","MName318","LName675","leadcontact188@lionobytes.com","97393995182","Super Admin","FName363 MName318 LName675","","","DBA203","719","201-500","$3M to $5M","","Prospect","2019"," Accounting","leadcontact188@lionobytes.com","97393995182","106","699","","B++","Billing","Residential","55 Stockton Street","","USA","NJ","Princeton","8540","FName363 MName318 LName675","Lead Details"
"AC7170","SName424","","Premium","87885457","(GMT-09:00) Alaska","Baht - THB","","","FName439","MName923","LName886","ContactCreate200@lionobytes.com","8788526225","Super Admin","FName439 MName923 LName886","","","123860","649","201-500","$3M to $5M","Cooperative Societies","Ex-Customer","2024113"," Accounting","Createaccount138@lionobytes.com","8788526484","123","12345","Book","B++","Billing","Residential","10808 Culver Boulevard Park West","Delhi","USA","CA","Culver City","90230","FName439 MName923 LName886","Fill account details"
"AC7169","SName648","","Premium","87885741","(GMT-09:00) Alaska","Baht - THB","","","FName079","MName539","LName759","leadcontact105@lionobytes.com","8788526496","Super Admin","FName079 MName539 LName759","","","123671","690","201-500","$3M to $5M","Cooperative Societies","Ex-Customer","2024562"," Accounting","Createaccount577@lionobytes.com","8788526730","123","12345","Book","B++","Billing","Residential","10808 Culver Boulevard Park West","Delhi","USA","CA","Culver City","90230","FName079 MName539 LName759","Fill account details"
"AC7162","SName171","","Premium","87885442","(GMT-09:00) Alaska","Baht - THB","","","FName416","MName728","LName221","leadcontact192@lionobytes.com","8788526257","Super Admin","FName416 MName728 LName221","","","123415","253","201-500","$3M to $5M","Cooperative Societies","Ex-Customer","2024194"," Accounting","leadcontact192@lionobytes.com","8788526727","123","12345","Book","B++","Billing","Residential","10808 Culver Boulevard Park West","Delhi","USA","CA","Culver City","90230","FName416 MName728 LName221","Fill account details"
"AC7164","SName423","","Premium","87885607","(GMT-09:00) Alaska","Baht - THB","","","FName437","MName876","LName700","AccountCreate990@lionobytes.com","8788526643","Super Admin","FName437 MName876 LName700","","","123206","554","201-500","$3M to $5M","Cooperative Societies","Ex-Customer","2024388"," Accounting","Createaccount384@lionobytes.com","8788526128","123","12345","Book","B++","Billing","Residential","10808 Culver Boulevard Park West","Delhi","USA","CA","Culver City","90230","FName437 MName876 LName700","Fill account details"
"AC7157","SName213","","Premium","87885954","(GMT-09:00) Alaska","Baht - THB","","Mr","FName126","MName355","LName094","AccountCreate289@lionobytes.com","8788526690","","FName126 MName355 LName094","","","123285","987","201-500","$3M to $5M","Cooperative Societies","Ex-Customer","2024366"," Accounting","Createaccount765@lionobytes.com","8788526594","123","12345","Book","B++","Billing","Residential","10808 Culver Boulevard Park West","Delhi","USA","CA","Culver City","90230","FName126 MName355 LName094","Fill account details"
"AC7156","Jp international School","","Premium","","","","","Mr","Jp","","international School","","","Super Admin","Jp international School","","","","","","","","Prospect","","Accounting and Tax Preparation","","","","","","","Billing","Commercial","12925 County Road 4037","","USA","MO","Holts Summit","65043","",""
"AC7151","SName746","","Premium","87885400","(GMT-09:00) Alaska","Baht - THB","","Mr","FName502","MName493","LName565","leadcontact360@lionobytes.com","8788526123","Super Admin","FName502 MName493 LName565","","","123404","356","201-500","$3M to $5M","Cooperative Societies","Ex-Customer","2024457"," Accounting","Createaccount507@lionobytes.com","8788526605","123","12345","Book","B++","Billing","Residential","10808 Culver Boulevard Park West","Delhi","USA","CA","Culver City","90230","FName502 MName493 LName565","Fill account details"
"AC7149","SName711","","Premium","87885391","(GMT-09:00) Alaska","Baht - THB","","Mr","FName310","MName852","LName244","ContactCreate550@lionobytes.com","8788526253","Super Admin","FName310 MName852 LName244","","","123689","892","201-500","$3M to $5M","Cooperative Societies","Ex-Customer","2024813"," Accounting","Createaccount619@lionobytes.com","8788526121","123","12345","Book","B++","Billing","Residential","10808 Culver Boulevard Park West","Delhi","USA","CA","Culver City","90230","FName310 MName852 LName244","Fill account details"
"AC7148","SName650","","Premium","87885963","(GMT-09:00) Alaska","Baht - THB","","Mr","FName637","MName897","LName049","leadcontact694@lionobytes.com","8788526585","Super Admin","FName637 MName897 LName049","","","123205","856","201-500","$3M to $5M","Cooperative Societies","Ex-Customer","2024407"," Accounting","Createaccount091@lionobytes.com","8788526547","123","12345","Book","B++","Billing","Residential","10808 Culver Boulevard Park West","Delhi","USA","CA","Culver City","90230","FName637 MName897 LName049","Fill account details"
"AC7147","SName136","","Premium","87885896","(GMT-09:00) Alaska","Baht - THB","","Mr","FName491","MName358","LName824","AccountCreate123@lionobytes.com","8788526922","Super Admin","FName491 MName358 LName824","","","123104","636","201-500","$3M to $5M","Cooperative Societies","Ex-Customer","2024253"," Accounting","Createaccount928@lionobytes.com","8788526416","123","12345","Book","B++","Billing","Residential","10808 Culver Boulevard Park West","Delhi","USA","CA","Culver City","90230","FName491 MName358 LName824","Fill account details"
"AC7146","SName295","","Premium","87885220","(GMT-09:00) Alaska","Baht - THB","","Mr","FName398","MName692","LName898","leadcontact951@lionobytes.com","8788526264","Super Admin","FName398 MName692 LName898","","","123610","338","201-500","$3M to $5M","Cooperative Societies","Ex-Customer","2024193"," Accounting","Createaccount161@lionobytes.com","8788526303","123","12345","Book","B++","Billing","Residential","10808 Culver Boulevard Park West","Delhi","USA","CA","Culver City","90230","FName398 MName692 LName898","Fill account details"
"AC7145","SName315","","Premium","87885484","(GMT-09:00) Alaska","Baht - THB","","Mr","FName581","MName107","LName475","AccountCreate937@lionobytes.com","8788526355","Super Admin","FName581 MName107 LName475","","","123046","736","201-500","$3M to $5M","Cooperative Societies","Ex-Customer","2024599"," Accounting","Createaccount836@lionobytes.com","8788526720","123","12345","Book","B++","Billing","Residential","10808 Culver Boulevard Park West","Delhi","USA","CA","Culver City","90230","FName581 MName107 LName475","Fill account details"
"AC7143","SName849","","Premium","87885779","(GMT-09:00) Alaska","Baht - THB","","Mr","FName350","MName127","LName300","ContactCreate642@lionobytes.com","8788526464","Super Admin","FName350 MName127 LName300","","","123621","9","201-500","$3M to $5M","Cooperative Societies","Ex-Customer","2024228"," Accounting","Createaccount259@lionobytes.com","8788526429","123","12345","Book","B++","Billing","Residential","10808 Culver Boulevard Park West","Delhi","USA","CA","Culver City","90230","FName350 MName127 LName300","Fill account details"
"AC7140","SName449","","Premium","87885792","(GMT-09:00) Alaska","Baht - THB","","Mr","FName677","MName953","LName601","ContactCreate516@lionobytes.com","8788526947","Super Admin","FName677 MName953 LName601","","","123362","549","201-500","$3M to $5M","Cooperative Societies","Ex-Customer","2024056"," Accounting","Createaccount008@lionobytes.com","8788526076","123","12345","Book","B++","Billing","Residential","10808 Culver Boulevard Park West","Delhi","USA","CA","Culver City","90230","FName677 MName953 LName601","Fill account details"
"AC7139","SName125","","Premium","87885778","(GMT-09:00) Alaska","Baht - THB","","Mr","FName435","MName869","LName841","leadcontact335@lionobytes.com","8788526027","Super Admin","FName435 MName869 LName841","","","123970","508","201-500","$3M to $5M","Cooperative Societies","Ex-Customer","2024817"," Accounting","Createaccount677@lionobytes.com","8788526449","123","12345","Book","B++","Billing","Residential","10808 Culver Boulevard Park West","Delhi","USA","CA","Culver City","90230","FName435 MName869 LName841","Fill account details"
"AC7138","SName199","","Premium","87885984","(GMT-09:00) Alaska","Baht - THB","","Mr","FName405","MName937","LName797","AccountCreate624@lionobytes.com","8788526653","Super Admin","FName405 MName937 LName797","","","123040","904","201-500","$3M to $5M","Cooperative Societies","Ex-Customer","2024575"," Accounting","Createaccount959@lionobytes.com","8788526571","123","12345","Book","B++","Billing","Residential","10808 Culver Boulevard Park West","Delhi","USA","CA","Culver City","90230","FName405 MName937 LName797","Fill account details"
"AC7137","SName715","","Premium","87885452","(GMT-09:00) Alaska","Baht - THB","","Mr","FName934","MName003","LName774","leadcontact279@lionobytes.com","8788526060","Super Admin","FName934 MName003 LName774","","","123631","643","201-500","$3M to $5M","Cooperative Societies","Ex-Customer","2024231"," Accounting","Createaccount530@lionobytes.com","8788526190","123","12345","Book","B++","Billing","Residential","10808 Culver Boulevard Park West","Delhi","USA","CA","Culver City","90230","FName934 MName003 LName774","Fill account details"
"AC7136","SName259","","Premium","87885565","(GMT-09:00) Alaska","Baht - THB","","Mr","FName549","MName688","LName048","leadcontact883@lionobytes.com","8788526905","Super Admin","FName549 MName688 LName048","","","123940","705","201-500","$3M to $5M","Cooperative Societies","Ex-Customer","2024857"," Accounting","Createaccount849@lionobytes.com","8788526978","123","12345","Book","B++","Billing","Residential","10808 Culver Boulevard Park West","Delhi","USA","CA","Culver City","90230","FName549 MName688 LName048","Fill account details"
"AC7135","SName877","","Premium","87885405","(GMT-09:00) Alaska","Baht - THB","","Mr","FName902","MName561","LName790","leadcontact782@lionobytes.com","8788526557","Super Admin","FName902 MName561 LName790","","","123355","241","201-500","$3M to $5M","Cooperative Societies","Ex-Customer","2024710"," Accounting","Createaccount985@lionobytes.com","8788526289","123","12345","Book","B++","Billing","Residential","10808 Culver Boulevard Park West","Delhi","USA","CA","Culver City","90230","FName902 MName561 LName790","Fill account details"
"AC7134","SName434","","Premium","87885468","(GMT-09:00) Alaska","Baht - THB","","Mr","FName957","MName578","LName855","leadcontact578@lionobytes.com","8788526777","Super Admin","FName957 MName578 LName855","","","123027","220","201-500","$3M to $5M","Cooperative Societies","Ex-Customer","2024694"," Accounting","Createaccount436@lionobytes.com","8788526134","123","12345","Book","B++","Billing","Residential","10808 Culver Boulevard Park West","Delhi","USA","CA","Culver City","90230","FName957 MName578 LName855","Fill account details"
"AC7133","SName306","","Premium","87885825","(GMT-09:00) Alaska","Baht - THB","","Mr","FName291","MName293","LName711","leadcontact549@lionobytes.com","8788526315","Super Admin","FName291 MName293 LName711","","","123114","880","201-500","$3M to $5M","Cooperative Societies","Ex-Customer","2024727"," Accounting","Createaccount871@lionobytes.com","8788526099","123","12345","Book","B++","Billing","Residential","10808 Culver Boulevard Park West","Delhi","USA","CA","Culver City","90230","FName291 MName293 LName711","Fill account details"
"AC7132","SName408","","Premium","87885462","(GMT-09:00) Alaska","Baht - THB","","Mr","FName484","MName440","LName008","AccountCreate800@lionobytes.com","8788526016","Super Admin","FName484 MName440 LName008","","","123915","471","201-500","$3M to $5M","Cooperative Societies","Ex-Customer","2024210"," Accounting","Createaccount533@lionobytes.com","8788526518","123","12345","Book","B++","Billing","Residential","10808 Culver Boulevard Park West","Delhi","USA","CA","Culver City","90230","FName484 MName440 LName008","Fill account details"
"AC7131","SName348","","Premium","87885422","(GMT-09:00) Alaska","Baht - THB","","Mr","FName081","MName337","LName374","AccountCreate169@lionobytes.com","8788526155","Super Admin","FName081 MName337 LName374","","","123605","565","201-500","$3M to $5M","Cooperative Societies","Ex-Customer","2024224"," Accounting","Createaccount605@lionobytes.com","8788526008","123","12345","Book","B++","Billing","Residential","10808 Culver Boulevard Park West","Delhi","USA","CA","Culver City","90230","FName081 MName337 LName374","Fill account details"
"AC7130","SName296","","Premium","87885220","(GMT-09:00) Alaska","Baht - THB","","Mr","FName716","MName207","LName757","leadcontact541@lionobytes.com","8788526138","Super Admin","FName716 MName207 LName757","","","123239","643","201-500","$3M to $5M","Cooperative Societies","Ex-Customer","2024633"," Accounting","Createaccount526@lionobytes.com","8788526764","123","12345","Book","B++","Billing","Residential","10808 Culver Boulevard Park West","Delhi","USA","CA","Culver City","90230","FName716 MName207 LName757","Fill account details"
"AC7129","SName656","","Premium","87885628","(GMT-09:00) Alaska","Baht - THB","","Mr","FName686","MName681","LName536","AccountCreate004@lionobytes.com","8788526045","Super Admin","FName686 MName681 LName536","","","123280","608","201-500","$3M to $5M","Cooperative Societies","Ex-Customer","2024153"," Accounting","Createaccount930@lionobytes.com","8788526842","123","12345","Book","B++","Billing","Residential","10808 Culver Boulevard Park West","Delhi","USA","CA","Culver City","90230","FName686 MName681 LName536","Fill account details"
"AC7128","SName447","","Premium","87885981","(GMT-09:00) Alaska","Baht - THB","","Mr","FName489","MName016","LName174","AccountCreate012@lionobytes.com","8788526429","Super Admin","FName489 MName016 LName174","","","123443","512","201-500","$3M to $5M","Cooperative Societies","Ex-Customer","2024336"," Accounting","Createaccount105@lionobytes.com","8788526274","123","12345","Book","B++","Billing","Residential","10808 Culver Boulevard Park West","Delhi","USA","CA","Culver City","90230","FName489 MName016 LName174","Fill account details"
"AC7127","SName135","","Premium","87885391","(GMT-09:00) Alaska","Baht - THB","","Mr","FName374","MName930","LName384","leadcontact694@lionobytes.com","8788526556","Super Admin","FName374 MName930 LName384","","","123280","220","201-500","$3M to $5M","Cooperative Societies","Ex-Customer","2024897"," Accounting","Createaccount449@lionobytes.com","8788526392","123","12345","Book","B++","Billing","Residential","10808 Culver Boulevard Park West","Delhi","USA","CA","Culver City","90230","FName374 MName930 LName384","Fill account details"
"AC7124","SName564","","Premium","87885839","(GMT-09:00) Alaska","Baht - THB","","","FName079","MName137","LName454","leadcontact789@lionobytes.com","8788526834","Super Admin","FName079 MName137 LName454","","","123936","607","201-500","$3M to $5M","Cooperative Societies","Ex-Customer","2024303"," Accounting","Createaccount360@lionobytes.com","8788526575","123","12345","Book","B++","Billing","Residential","10808 Culver Boulevard Park West","Delhi","USA","CA","Culver City","90230","FName079 MName137 LName454","Fill account details"
"AC7123","SName449","","Premium","87885389","(GMT-09:00) Alaska","Baht - THB","","","FName074","MName225","LName398","AccountCreate146@lionobytes.com","8788526266","Super Admin","FName074 MName225 LName398","","","123245","394","201-500","$3M to $5M","Cooperative Societies","Ex-Customer","2024889"," Accounting","Createaccount899@lionobytes.com","8788526290","123","12345","Book","B++","Billing","Residential","10808 Culver Boulevard Park West","Delhi","USA","CA","Culver City","90230","FName074 MName225 LName398","Fill account details"
"AC7122","SName953","","Premium","87885210","(GMT-09:00) Alaska","Baht - THB","","","FName290","MName244","LName410","leadcontact434@lionobytes.com","8788526697","Super Admin","FName290 MName244 LName410","","","123581","591","201-500","$3M to $5M","Cooperative Societies","Ex-Customer","2024479"," Accounting","Createaccount718@lionobytes.com","8788526022","123","12345","Book","B++","Billing","Residential","10808 Culver Boulevard Park West","Delhi","USA","CA","Culver City","90230","FName290 MName244 LName410","Fill account details"
"AC7121","SName682","","Premium","87885071","(GMT-09:00) Alaska","Baht - THB","","","FName045","MName783","LName472","AccountCreate053@lionobytes.com","8788526894","Super Admin","FName045 MName783 LName472","","","123455","144","201-500","$3M to $5M","Cooperative Societies","Ex-Customer","2024926"," Accounting","Createaccount494@lionobytes.com","8788526070","123","12345","Book","B++","Billing","Residential","10808 Culver Boulevard Park West","Delhi","USA","CA","Culver City","90230","FName045 MName783 LName472","Fill account details"
"AC7117","SName362","","Premium","87885121","","Baht - THB","","","FName695","MName101","LName217","leadcontact516@lionobytes.com","8788526927","Super Admin","FName695 MName101 LName217","","","123253","625","201-500","$3M to $5M","Cooperative Societies","Ex-Customer","2024774"," Accounting","Createaccount832@lionobytes.com","8788526247","123","12345","Book","B++","Billing","Residential","10808 Culver Boulevard Park West","Delhi","USA","CA","Culver City","90230","FName695 MName101 LName217","Fill account details"
"AC7115","SName794","","Premium","87885551","","Baht - THB","","","FName833","MName882","LName458","leadcontact268@lionobytes.com","8788526834","Super Admin","FName833 MName882 LName458","","","123390","89","201-500","$3M to $5M","Cooperative Societies","Ex-Customer","2024013"," Accounting","Createaccount363@lionobytes.com","8788526380","123","12345","Book","B++","Billing","Residential","10808 Culver Boulevard Park West","Delhi","USA","CA","Culver City","90230","FName833 MName882 LName458","Fill account details"
"AC7114","SName434","","Premium","87885417","","Baht - THB","","","FName064","MName683","LName303","leadcontact750@lionobytes.com","8788526396","Super Admin","FName064 MName683 LName303","","","123175","38","201-500","$3M to $5M","Cooperative Societies","Ex-Customer","2024680"," Accounting","Createaccount608@lionobytes.com","8788526060","123","12345","Book","B++","Billing","Residential","10808 Culver Boulevard Park West","Delhi","USA","CA","Culver City","90230","FName064 MName683 LName303","Fill account details"
"AC7113","SName211","","Premium","87885849","","Baht - THB","","","FName371","MName885","LName786","leadcontact794@lionobytes.com","8788526559","Super Admin","FName371 MName885 LName786","","","123540","978","201-500","$3M to $5M","Cooperative Societies","Ex-Customer","2024906"," Accounting","Createaccount767@lionobytes.com","8788526113","123","12345","Book","B++","Billing","Residential","10808 Culver Boulevard Park West","Delhi","USA","CA","Culver City","90230","FName371 MName885 LName786","Fill account details"
"AC7112","SName400","","Premium","87885491","","Baht - THB","","","FName048","MName584","LName494","leadcontact089@lionobytes.com","8788526733","Super Admin","FName048 MName584 LName494","","","123877","138","201-500","$3M to $5M","Cooperative Societies","Ex-Customer","2024290"," Accounting","Createaccount789@lionobytes.com","8788526130","123","12345","Book","B++","Billing","Residential","10808 Culver Boulevard Park West","Delhi","USA","CA","Culver City","90230","FName048 MName584 LName494","Fill account details"
